tsp_6_1.txt;132;[0 1 2 3 4 5 0] 
4.5360;132;[0 1 2 3 4 5, 0]
4.4720;154;[0 1 3 2 4 5, 0]
5.6330;132;[0 1 2 3 4 5, 0]
5.5030;166;[0 5 1 2 3 4, 0]
5.4830;132;[0 1 2 3 4 5, 0]
4.4810;132;[0 1 2 3 4 5, 0]
8.6980;132;[0 1 2 3 4 5, 0]
5.4040;156;[0 2 1 3 4 5, 0]
4.6700;132;[0 1 2 3 4 5, 0]
4.3080;162;[0 2 3 1 4 5, 0]
4.6300;132;[0 1 2 3 4 5, 0]
4.5180;132;[0 1 2 3 4 5, 0]
4.7680;132;[0 1 2 3 4 5, 0]
4.5560;132;[0 1 2 3 4 5, 0]
4.3050;158;[0 1 2 3 5 4, 0]
4.8680;166;[0 5 1 2 3 4, 0]
4.5620;162;[0 2 3 1 4 5, 0]
4.3410;132;[0 1 2 3 4 5, 0]
4.6510;132;[0 1 2 3 4 5, 0]
4.3390;132;[0 1 2 3 4 5, 0]
4.3920;132;[0 1 2 3 4 5, 0]
5.6210;162;[0 2 3 1 4 5, 0]
4.3260;132;[0 1 2 3 4 5, 0]
4.7280;132;[0 1 2 3 4 5, 0]
4.3450;132;[0 1 2 3 4 5, 0]
4.4380;156;[0 2 1 3 4 5, 0]
4.3630;132;[0 1 2 3 4 5, 0]
4.5080;132;[0 1 2 3 4 5, 0]
4.5020;132;[0 1 2 3 4 5, 0]
4.3500;132;[0 1 2 3 4 5, 0]
4.5080;132;[0 1 2 3 4 5, 0]
4.6870;132;[0 1 2 3 4 5, 0]
4.3340;154;[0 1 3 2 4 5, 0]
4.6860;132;[0 1 2 3 4 5, 0]
4.5130;154;[0 1 3 2 4 5, 0]
4.3540;166;[0 2 3 4 5 1, 0]
4.5310;132;[0 1 2 3 4 5, 0]
4.3490;154;[0 1 3 2 4 5, 0]
4.7180;132;[0 1 2 3 4 5, 0]
4.3710;132;[0 1 2 3 4 5, 0]
4.5150;132;[0 1 2 3 4 5, 0]
4.7890;132;[0 1 2 3 4 5, 0]
4.3460;132;[0 1 2 3 4 5, 0]
4.6440;168;[0 1 2 4 3 5, 0]
4.5250;132;[0 1 2 3 4 5, 0]
4.4890;132;[0 1 2 3 4 5, 0]
4.5110;132;[0 1 2 3 4 5, 0]
4.6260;132;[0 1 2 3 4 5, 0]
4.6660;132;[0 1 2 3 4 5, 0]
4.4970;132;[0 1 2 3 4 5, 0]
4.7720;132;[0 1 2 3 4 5, 0]
4.3550;169;[0 5 4 1 2 3, 0]
4.3970;132;[0 1 2 3 4 5, 0]
4.3880;132;[0 1 2 3 4 5, 0]
4.4010;132;[0 1 2 3 4 5, 0]
4.5810;132;[0 1 2 3 4 5, 0]
4.3950;132;[0 1 2 3 4 5, 0]
4.5260;132;[0 1 2 3 4 5, 0]
4.3620;158;[0 1 2 3 5 4, 0]
4.3620;166;[0 5 1 2 3 4, 0]
4.4030;132;[0 1 2 3 4 5, 0]
4.3690;132;[0 1 2 3 4 5, 0]
4.3480;132;[0 1 2 3 4 5, 0]
4.6310;154;[0 1 3 2 4 5, 0]
4.3520;132;[0 1 2 3 4 5, 0]
4.7100;132;[0 1 2 3 4 5, 0]
4.3460;132;[0 1 2 3 4 5, 0]
4.3590;132;[0 1 2 3 4 5, 0]
4.8620;158;[0 1 2 3 5 4, 0]
4.4600;166;[0 5 1 2 3 4, 0]
6.7490;156;[0 2 1 3 4 5, 0]
4.4350;168;[0 1 2 4 3 5, 0]
5.3570;132;[0 1 2 3 4 5, 0]
4.9030;132;[0 1 2 3 4 5, 0]
5.4830;169;[0 5 4 1 2 3, 0]
5.1880;132;[0 1 2 3 4 5, 0]
4.4610;132;[0 1 2 3 4 5, 0]
4.4730;132;[0 1 2 3 4 5, 0]
5.8470;132;[0 1 2 3 4 5, 0]
4.5530;166;[0 5 1 2 3 4, 0]
4.4720;132;[0 1 2 3 4 5, 0]
4.6550;132;[0 1 2 3 4 5, 0]
4.3930;132;[0 1 2 3 4 5, 0]
4.3570;132;[0 1 2 3 4 5, 0]
4.9360;132;[0 1 2 3 4 5, 0]
4.6980;166;[0 2 3 4 5 1, 0]
4.3450;132;[0 1 2 3 4 5, 0]
4.4490;132;[0 1 2 3 4 5, 0]
4.3620;132;[0 1 2 3 4 5, 0]
4.3500;158;[0 1 2 3 5 4, 0]
4.3710;132;[0 1 2 3 4 5, 0]
4.4910;132;[0 1 2 3 4 5, 0]
4.4800;166;[0 2 3 4 5 1, 0]
4.4080;132;[0 1 2 3 4 5, 0]
4.3460;132;[0 1 2 3 4 5, 0]
4.4740;156;[0 2 1 3 4 5, 0]
4.7490;156;[0 2 1 3 4 5, 0]
4.4370;132;[0 1 2 3 4 5, 0]
4.4610;132;[0 1 2 3 4 5, 0]
4.5370;132;[0 1 2 3 4 5, 0]

tsp_6_2.txt;80;[0 5 1 2 3 4 0] 
4.3890;121;[0 4 5 1 2 3, 0]
4.3920;80;[0 5 1 2 3 4, 0]
4.6410;80;[0 5 1 2 3 4, 0]
4.3530;80;[0 5 1 2 3 4, 0]
4.3620;80;[0 5 1 2 3 4, 0]
4.7320;80;[0 5 1 2 3 4, 0]
4.3700;80;[0 5 1 2 3 4, 0]
4.6200;80;[0 5 1 2 3 4, 0]
4.5370;85;[0 5 1 2 4 3, 0]
4.3510;80;[0 5 1 2 3 4, 0]
4.3870;80;[0 5 1 2 3 4, 0]
4.4310;80;[0 5 1 2 3 4, 0]
4.6600;80;[0 5 1 2 3 4, 0]
4.4750;80;[0 5 1 2 3 4, 0]
4.3900;80;[0 5 1 2 3 4, 0]
5.4310;80;[0 5 1 2 3 4, 0]
4.3440;80;[0 5 1 2 3 4, 0]
4.5610;80;[0 5 1 2 3 4, 0]
4.5050;80;[0 5 1 2 3 4, 0]
4.3890;116;[0 2 3 4 5 1, 0]
4.9830;80;[0 5 1 2 3 4, 0]
4.3440;80;[0 5 1 2 3 4, 0]
4.6180;80;[0 5 1 2 3 4, 0]
4.3500;121;[0 4 5 1 2 3, 0]
4.5080;132;[0 1 2 3 4 5, 0]
4.5880;80;[0 5 1 2 3 4, 0]
4.3560;80;[0 5 1 2 3 4, 0]
4.4610;80;[0 5 1 2 3 4, 0]
4.5140;80;[0 5 1 2 3 4, 0]
4.3580;80;[0 5 1 2 3 4, 0]
4.5060;80;[0 5 1 2 3 4, 0]
4.3520;80;[0 5 1 2 3 4, 0]
5.0960;80;[0 5 1 2 3 4, 0]
4.6800;80;[0 5 1 2 3 4, 0]
4.4880;80;[0 5 1 2 3 4, 0]
4.3980;80;[0 5 1 2 3 4, 0]
4.5110;80;[0 5 1 2 3 4, 0]
4.4150;80;[0 5 1 2 3 4, 0]
4.4150;80;[0 5 1 2 3 4, 0]
4.4790;80;[0 5 1 2 3 4, 0]
4.3930;80;[0 5 1 2 3 4, 0]
4.5230;100;[0 5 4 3 1 2, 0]
4.4190;121;[0 4 5 1 2 3, 0]
4.3610;92;[0 5 1 3 2 4, 0]
4.5270;80;[0 5 1 2 3 4, 0]
4.7410;80;[0 5 1 2 3 4, 0]
4.5180;80;[0 5 1 2 3 4, 0]
4.7220;80;[0 5 1 2 3 4, 0]
4.3620;80;[0 5 1 2 3 4, 0]
4.5510;100;[0 5 4 3 1 2, 0]
4.3500;80;[0 5 1 2 3 4, 0]
4.3510;80;[0 5 1 2 3 4, 0]
4.4300;80;[0 5 1 2 3 4, 0]
4.3400;100;[0 5 4 3 1 2, 0]
4.4330;80;[0 5 1 2 3 4, 0]
4.3600;80;[0 5 1 2 3 4, 0]
4.3930;80;[0 5 1 2 3 4, 0]
4.3710;80;[0 5 1 2 3 4, 0]
4.5130;80;[0 5 1 2 3 4, 0]
4.3590;80;[0 5 1 2 3 4, 0]
4.5430;85;[0 5 1 2 4 3, 0]
4.3360;80;[0 5 1 2 3 4, 0]
4.5180;80;[0 5 1 2 3 4, 0]
4.3470;80;[0 5 1 2 3 4, 0]
4.3840;80;[0 5 1 2 3 4, 0]
4.4460;80;[0 5 1 2 3 4, 0]
4.3390;80;[0 5 1 2 3 4, 0]
4.4350;80;[0 5 1 2 3 4, 0]
4.5670;80;[0 5 1 2 3 4, 0]
4.3710;80;[0 5 1 2 3 4, 0]
4.3700;80;[0 5 1 2 3 4, 0]
4.3580;80;[0 5 1 2 3 4, 0]
4.3770;92;[0 5 1 4 3 2, 0]
4.7900;80;[0 5 1 2 3 4, 0]
4.3600;80;[0 5 1 2 3 4, 0]
4.7460;80;[0 5 1 2 3 4, 0]
4.3590;80;[0 5 1 2 3 4, 0]
4.3660;80;[0 5 1 2 3 4, 0]
4.3540;80;[0 5 1 2 3 4, 0]
4.4560;80;[0 5 1 2 3 4, 0]
4.9190;80;[0 5 1 2 3 4, 0]
4.7810;80;[0 5 1 2 3 4, 0]
4.3770;80;[0 5 1 2 3 4, 0]
4.3870;80;[0 5 1 2 3 4, 0]
4.3540;80;[0 5 1 2 3 4, 0]
4.3520;80;[0 5 1 2 3 4, 0]
4.4440;80;[0 5 1 2 3 4, 0]
4.4410;80;[0 5 1 2 3 4, 0]
4.5330;80;[0 5 1 2 3 4, 0]
4.3800;80;[0 5 1 2 3 4, 0]
4.3580;92;[0 5 1 4 3 2, 0]
4.4680;98;[0 5 1 3 4 2, 0]
4.4360;80;[0 5 1 2 3 4, 0]
4.4650;80;[0 5 1 2 3 4, 0]
4.5280;80;[0 5 1 2 3 4, 0]
4.3430;80;[0 5 1 2 3 4, 0]
4.3710;80;[0 5 1 2 3 4, 0]
4.5210;80;[0 5 1 2 3 4, 0]
4.4640;80;[0 5 1 2 3 4, 0]
4.5050;85;[0 5 1 2 4 3, 0]

tsp_10.txt;212;[0 3 4 2 8 7 6 9 1 5 0] 
5.4430;212;[0 3 4 2 8 7 6 9 1 5, 0]
5.5630;257;[0 5 7 8 2 4 3 1 6 9, 0]
5.5260;266;[0 9 2 8 7 6 1 5 4 3, 0]
5.3710;252;[0 9 6 7 8 5 1 4 2 3, 0]
5.4650;237;[0 3 2 4 1 9 6 7 8 5, 0]
5.4880;257;[0 5 7 8 2 4 3 1 6 9, 0]
5.5300;313;[0 7 6 9 2 8 5 1 4 3, 0]
5.6370;266;[0 9 2 8 7 6 1 5 4 3, 0]
5.4330;254;[0 5 7 8 2 4 6 9 1 3, 0]
5.6780;256;[0 3 1 4 2 8 7 6 9 5, 0]
5.5620;253;[0 3 4 8 2 9 1 6 7 5, 0]
5.5370;291;[0 7 6 9 1 3 4 2 8 5, 0]
5.4140;248;[0 5 8 7 6 9 1 3 4 2, 0]
5.9450;253;[0 3 1 5 4 8 7 6 9 2, 0]
5.6340;284;[0 9 6 5 7 8 2 4 1 3, 0]
5.7990;240;[0 3 4 5 1 9 6 7 8 2, 0]
5.5250;272;[0 9 6 7 8 4 5 1 3 2, 0]
5.6540;284;[0 9 2 8 4 3 1 6 7 5, 0]
5.5790;256;[0 5 9 6 7 8 2 4 1 3, 0]
5.7280;212;[0 3 4 2 8 7 6 9 1 5, 0]
5.4090;290;[0 3 2 9 6 1 5 7 8 4, 0]
6.2120;239;[0 5 7 8 4 2 9 6 1 3, 0]
5.6180;270;[0 3 4 1 5 8 7 6 9 2, 0]
5.4720;212;[0 5 1 9 6 7 8 2 4 3, 0]
5.4400;237;[0 3 2 4 1 9 6 7 8 5, 0]
5.4850;253;[0 5 7 6 1 9 2 8 4 3, 0]
5.5580;212;[0 3 4 2 8 7 6 9 1 5, 0]
5.7700;212;[0 5 1 9 6 7 8 2 4 3, 0]
5.4300;257;[0 5 7 8 2 4 3 1 6 9, 0]
5.9480;291;[0 7 6 9 1 3 4 2 8 5, 0]
5.7430;243;[0 3 4 2 9 1 6 7 8 5, 0]
5.7270;212;[0 5 1 9 6 7 8 2 4 3, 0]
5.4080;248;[0 5 8 7 6 9 1 3 4 2, 0]
5.5110;260;[0 9 6 7 5 8 2 4 1 3, 0]
5.3810;239;[0 3 1 6 9 2 4 8 7 5, 0]
5.7840;258;[0 5 7 6 9 1 3 4 8 2, 0]
5.3780;237;[0 5 8 7 6 9 1 4 2 3, 0]
5.4640;237;[0 5 8 7 6 9 1 4 2 3, 0]
5.5890;234;[0 3 1 5 4 2 8 7 6 9, 0]
5.5420;263;[0 5 9 2 4 8 7 6 1 3, 0]
5.5150;257;[0 5 7 8 2 4 3 1 6 9, 0]
5.5190;252;[0 9 6 7 8 5 1 4 2 3, 0]
5.4700;212;[0 5 1 9 6 7 8 2 4 3, 0]
5.4800;212;[0 3 4 2 8 7 6 9 1 5, 0]
5.5180;212;[0 3 4 2 8 7 6 9 1 5, 0]
5.6580;247;[0 3 2 8 4 1 9 6 7 5, 0]
5.6330;276;[0 2 9 6 1 3 4 8 7 5, 0]
5.4180;240;[0 2 8 7 6 9 1 5 4 3, 0]
5.4200;253;[0 9 1 6 7 8 5 4 2 3, 0]
5.4220;234;[0 9 6 7 8 2 4 5 1 3, 0]
6.3310;262;[0 9 6 7 5 1 4 8 2 3, 0]
5.5550;269;[0 9 6 4 2 8 7 5 1 3, 0]
5.5760;234;[0 9 6 7 8 2 4 5 1 3, 0]
5.2970;241;[0 9 6 1 5 7 8 2 4 3, 0]
5.5110;253;[0 9 1 6 7 8 5 4 2 3, 0]
5.5070;260;[0 3 4 2 9 6 7 8 1 5, 0]
5.5860;212;[0 5 1 9 6 7 8 2 4 3, 0]
5.5540;237;[0 3 2 4 1 9 6 7 8 5, 0]
5.5710;260;[0 5 1 8 7 6 9 2 4 3, 0]
5.4820;260;[0 3 4 8 7 5 1 6 9 2, 0]
5.4680;253;[0 9 1 6 7 8 5 4 2 3, 0]
5.5110;264;[0 5 7 8 2 9 6 1 4 3, 0]
5.5470;253;[0 3 2 4 5 8 7 6 1 9, 0]
5.7670;272;[0 9 6 7 8 4 5 1 3 2, 0]
5.5680;247;[0 3 2 8 4 1 9 6 7 5, 0]
5.4280;234;[0 9 6 7 8 2 4 5 1 3, 0]
6.1430;258;[0 5 7 6 9 1 3 4 8 2, 0]
5.4310;212;[0 3 4 2 8 7 6 9 1 5, 0]
5.6920;248;[0 5 8 7 6 9 1 3 4 2, 0]
5.4760;285;[0 2 8 7 5 4 3 1 6 9, 0]
5.6910;279;[0 8 7 6 9 1 3 2 4 5, 0]
5.4300;288;[0 5 9 2 8 7 6 1 4 3, 0]
5.4530;247;[0 5 7 6 9 1 4 8 2 3, 0]
5.4200;275;[0 3 4 2 8 5 1 9 6 7, 0]
5.4490;257;[0 5 7 8 2 4 3 1 6 9, 0]
5.7030;257;[0 3 1 9 2 4 8 6 7 5, 0]
5.6360;264;[0 3 4 1 6 9 2 8 7 5, 0]
5.6190;253;[0 9 1 6 7 8 5 4 2 3, 0]
5.3900;237;[0 5 8 7 6 9 1 4 2 3, 0]
5.4210;257;[0 5 4 8 7 6 9 1 3 2, 0]
5.5960;252;[0 3 1 5 9 6 7 8 4 2, 0]
5.3940;241;[0 9 6 1 5 7 8 2 4 3, 0]
5.4730;256;[0 5 9 6 7 8 2 4 1 3, 0]
5.4630;252;[0 2 4 8 7 6 9 5 1 3, 0]
5.4480;252;[0 3 1 5 9 6 7 8 4 2, 0]
5.5320;212;[0 5 1 9 6 7 8 2 4 3, 0]
5.4360;212;[0 3 4 2 8 7 6 9 1 5, 0]
5.4940;240;[0 3 4 5 1 9 6 7 8 2, 0]
5.5660;212;[0 3 4 2 8 7 6 9 1 5, 0]
5.4990;212;[0 3 4 2 8 7 6 9 1 5, 0]
5.5250;263;[0 5 9 2 4 8 7 6 1 3, 0]
5.5280;234;[0 9 6 7 8 2 4 5 1 3, 0]
5.5990;241;[0 9 6 1 5 7 8 2 4 3, 0]
5.4550;241;[0 3 4 2 8 7 5 1 6 9, 0]
5.5430;253;[0 3 2 4 5 8 7 6 1 9, 0]
5.4620;252;[0 2 4 8 7 6 9 5 1 3, 0]
5.4830;212;[0 3 4 2 8 7 6 9 1 5, 0]
5.7090;212;[0 3 4 2 8 7 6 9 1 5, 0]
5.5150;240;[0 2 8 7 6 9 1 5 4 3, 0]
5.4440;288;[0 3 4 1 6 7 8 2 9 5, 0]

tsp_12.txt;264;[0 1 8 4 6 2 11 9 7 5 3 10 0] 
6.2520;290;[0 10 3 5 7 8 4 6 2 11 9 1, 0]
6.1300;302;[0 8 4 6 2 11 9 1 7 5 3 10, 0]
6.1350;264;[0 10 3 5 7 9 11 2 6 4 8 1, 0]
7.2640;330;[0 10 1 7 3 5 9 11 2 6 4 8, 0]
6.4260;358;[0 10 3 1 8 9 7 5 11 2 6 4, 0]
6.2960;290;[0 10 3 5 9 11 2 6 4 8 7 1, 0]
6.1620;296;[0 10 3 5 8 4 6 2 11 9 7 1, 0]
6.3000;350;[0 11 2 6 4 8 1 10 3 5 9 7, 0]
6.1260;321;[0 3 5 11 2 6 4 8 1 9 7 10, 0]
6.2600;301;[0 10 1 8 4 6 2 11 9 7 5 3, 0]
6.0930;296;[0 1 7 9 11 2 6 4 8 5 3 10, 0]
6.7720;290;[0 10 3 5 9 11 2 6 4 8 7 1, 0]
6.1060;264;[0 1 8 4 6 2 11 9 7 5 3 10, 0]
6.3340;286;[0 1 7 9 8 4 6 2 11 5 3 10, 0]
6.1990;264;[0 10 3 5 7 9 11 2 6 4 8 1, 0]
6.6600;327;[0 10 3 5 11 2 9 7 1 8 6 4, 0]
6.2180;358;[0 7 9 2 11 5 3 10 1 8 6 4, 0]
6.6440;264;[0 1 8 4 6 2 11 9 7 5 3 10, 0]
6.1140;304;[0 8 4 6 2 11 9 7 5 3 10 1, 0]
6.2510;290;[0 1 9 11 2 6 4 8 7 5 3 10, 0]
6.2370;345;[0 4 6 2 11 9 5 3 10 7 8 1, 0]
6.3010;298;[0 9 11 2 6 4 8 1 7 5 3 10, 0]
6.1590;301;[0 3 5 7 9 11 2 6 4 8 1 10, 0]
6.1280;290;[0 10 3 5 7 8 4 6 2 11 9 1, 0]
6.1380;290;[0 10 3 5 7 8 4 6 2 11 9 1, 0]
6.2430;326;[0 1 10 3 5 7 8 4 6 2 11 9, 0]
6.1590;264;[0 10 3 5 7 9 11 2 6 4 8 1, 0]
6.3210;298;[0 10 3 5 7 1 8 4 6 2 11 9, 0]
6.1970;264;[0 1 8 4 6 2 11 9 7 5 3 10, 0]
6.1540;319;[0 3 5 7 1 8 4 6 2 11 9 10, 0]
6.1930;304;[0 8 4 6 2 11 9 7 5 3 10 1, 0]
6.1860;264;[0 10 3 5 7 9 11 2 6 4 8 1, 0]
6.2290;302;[0 10 3 5 7 1 9 11 2 6 4 8, 0]
6.1600;286;[0 10 3 5 11 2 6 4 8 9 7 1, 0]
6.2400;264;[0 1 8 4 6 2 11 9 7 5 3 10, 0]
6.0890;350;[0 11 2 6 4 8 1 10 3 5 9 7, 0]
6.1980;368;[0 10 1 8 4 6 3 5 11 2 9 7, 0]
6.2080;338;[0 10 1 9 7 3 5 11 2 6 4 8, 0]
6.2900;324;[0 8 4 6 2 11 5 3 10 7 9 1, 0]
6.2420;296;[0 10 3 5 8 4 6 2 11 9 7 1, 0]
6.1220;313;[0 3 5 9 11 2 6 4 8 1 7 10, 0]
6.1890;327;[0 10 3 8 4 6 2 11 9 5 7 1, 0]
6.2000;296;[0 10 3 5 8 4 6 2 11 9 7 1, 0]
6.3610;264;[0 10 3 5 7 9 11 2 6 4 8 1, 0]
6.1730;316;[0 1 7 10 3 5 9 11 2 6 4 8, 0]
6.9050;335;[0 11 2 6 4 8 9 7 5 3 10 1, 0]
6.1910;298;[0 10 3 5 7 1 8 4 6 2 11 9, 0]
6.1840;319;[0 3 5 7 1 8 4 6 2 11 9 10, 0]
6.1950;304;[0 1 10 3 5 7 9 11 2 6 4 8, 0]
6.1280;365;[0 1 4 8 10 3 5 7 9 11 2 6, 0]
6.1380;290;[0 1 7 8 4 6 2 11 9 5 3 10, 0]
6.0720;264;[0 1 8 4 6 2 11 9 7 5 3 10, 0]
6.1120;301;[0 10 1 8 4 6 2 11 9 7 5 3, 0]
6.1540;319;[0 10 3 5 7 1 8 9 11 2 6 4, 0]
6.1780;286;[0 10 3 5 11 2 6 4 8 9 7 1, 0]
6.1310;298;[0 10 3 5 7 1 8 4 6 2 11 9, 0]
6.2600;290;[0 1 7 8 4 6 2 11 9 5 3 10, 0]
6.2030;345;[0 4 6 2 11 9 5 3 10 7 8 1, 0]
6.1660;317;[0 3 5 1 8 4 6 2 11 9 7 10, 0]
6.3230;321;[0 10 7 9 1 8 4 6 2 11 5 3, 0]
6.2150;290;[0 1 9 11 2 6 4 8 7 5 3 10, 0]
6.1740;326;[0 9 11 2 6 4 8 7 5 3 10 1, 0]
6.2120;301;[0 3 5 7 9 11 2 6 4 8 1 10, 0]
6.1190;286;[0 1 7 9 8 4 6 2 11 5 3 10, 0]
6.3470;264;[0 10 3 5 7 9 11 2 6 4 8 1, 0]
6.1700;313;[0 3 5 9 11 2 6 4 8 1 7 10, 0]
6.0650;298;[0 9 11 2 6 4 8 1 7 5 3 10, 0]
6.1230;290;[0 1 7 8 4 6 2 11 9 5 3 10, 0]
6.1390;264;[0 10 3 5 7 9 11 2 6 4 8 1, 0]
6.1540;302;[0 8 4 6 2 11 9 1 7 5 3 10, 0]
6.2410;380;[0 10 1 8 4 7 3 5 9 11 2 6, 0]
6.1580;290;[0 10 3 5 7 8 4 6 2 11 9 1, 0]
6.2570;301;[0 10 1 8 4 6 2 11 9 7 5 3, 0]
6.1380;264;[0 10 3 5 7 9 11 2 6 4 8 1, 0]
6.9130;264;[0 10 3 5 7 9 11 2 6 4 8 1, 0]
6.2330;264;[0 1 8 4 6 2 11 9 7 5 3 10, 0]
6.3420;290;[0 1 7 8 4 6 2 11 9 5 3 10, 0]
6.2100;264;[0 10 3 5 7 9 11 2 6 4 8 1, 0]
6.3070;290;[0 10 3 5 7 8 4 6 2 11 9 1, 0]
6.1110;321;[0 10 7 9 1 8 4 6 2 11 5 3, 0]
6.2410;264;[0 1 8 4 6 2 11 9 7 5 3 10, 0]
6.0870;335;[0 10 11 2 6 4 8 1 7 9 5 3, 0]
6.3850;264;[0 1 8 4 6 2 11 9 7 5 3 10, 0]
6.1170;301;[0 10 1 8 4 6 2 11 9 7 5 3, 0]
6.5660;327;[0 7 9 11 2 6 4 8 5 3 10 1, 0]
6.1340;264;[0 1 8 4 6 2 11 9 7 5 3 10, 0]
6.0860;264;[0 1 8 4 6 2 11 9 7 5 3 10, 0]
6.7810;264;[0 1 8 4 6 2 11 9 7 5 3 10, 0]
6.1600;313;[0 3 5 9 11 2 6 4 8 1 7 10, 0]
6.2480;344;[0 1 8 10 3 5 7 9 11 2 6 4, 0]
6.1300;362;[0 8 4 6 10 3 5 11 2 9 7 1, 0]
6.4610;362;[0 10 3 1 8 7 5 9 11 2 6 4, 0]
6.1340;345;[0 1 8 7 10 3 5 9 11 2 6 4, 0]
6.1890;345;[0 1 8 7 10 3 5 9 11 2 6 4, 0]
6.1830;296;[0 10 3 5 8 4 6 2 11 9 7 1, 0]
6.1420;264;[0 1 8 4 6 2 11 9 7 5 3 10, 0]
6.2030;327;[0 10 3 8 4 6 2 11 9 5 7 1, 0]
6.2010;290;[0 1 7 8 4 6 2 11 9 5 3 10, 0]
6.2350;264;[0 10 3 5 7 9 11 2 6 4 8 1, 0]
6.1390;302;[0 10 3 5 7 1 9 11 2 6 4 8, 0]

tsp_13.txt;269;[0 10 3 5 7 9 11 2 6 4 8 1 12 0] 
6.3430;313;[0 10 12 1 8 4 6 2 11 9 7 5 3, 0]
6.3170;380;[0 10 3 12 1 7 5 9 8 4 6 2 11, 0]
6.3980;398;[0 10 12 1 7 9 2 11 5 3 8 6 4, 0]
6.3790;303;[0 12 8 4 6 2 11 9 1 7 5 3 10, 0]
6.3980;322;[0 1 7 9 8 4 6 2 11 5 3 10 12, 0]
6.5220;350;[0 4 6 2 11 9 5 3 10 7 8 1 12, 0]
6.4140;269;[0 10 3 5 7 9 11 2 6 4 8 1 12, 0]
6.4150;317;[0 12 8 4 6 2 11 9 5 3 10 7 1, 0]
6.4790;332;[0 12 1 10 3 5 8 4 6 2 11 9 7, 0]
6.5560;342;[0 12 1 7 5 3 10 8 4 6 2 11 9, 0]
6.3640;364;[0 12 1 8 7 5 9 11 2 6 4 3 10, 0]
6.3810;321;[0 12 1 7 10 3 5 9 11 2 6 4 8, 0]
6.4320;295;[0 10 3 5 7 8 4 6 2 11 9 1 12, 0]
6.3910;375;[0 12 1 2 6 4 8 7 10 3 5 11 9, 0]
6.4010;363;[0 11 2 6 4 8 10 3 5 9 7 1 12, 0]
6.4150;300;[0 1 8 4 6 2 11 9 7 5 3 10 12, 0]
6.4800;305;[0 10 3 5 7 9 8 4 6 2 11 1 12, 0]
6.4510;315;[0 9 11 2 6 4 8 12 1 7 5 3 10, 0]
6.3900;346;[0 4 6 2 11 9 7 5 3 10 1 8 12, 0]
6.7820;336;[0 3 5 7 1 12 8 4 6 2 11 9 10, 0]
6.3890;303;[0 12 8 4 6 2 11 9 1 7 5 3 10, 0]
6.7340;295;[0 10 3 5 7 8 4 6 2 11 9 1 12, 0]
6.3750;362;[0 8 4 6 7 10 3 5 11 2 9 1 12, 0]
6.5720;300;[0 12 10 3 5 7 9 11 2 6 4 8 1, 0]
6.4410;269;[0 10 3 5 7 9 11 2 6 4 8 1 12, 0]
6.3970;375;[0 9 11 5 3 10 7 8 4 6 2 1 12, 0]
7.0370;359;[0 7 9 2 11 5 3 10 1 8 6 4 12, 0]
6.3830;317;[0 12 8 4 6 2 11 9 5 3 10 7 1, 0]
6.4780;330;[0 3 5 9 11 2 6 4 8 12 1 7 10, 0]
6.3790;370;[0 12 4 6 2 11 8 1 10 3 5 9 7, 0]
6.7400;402;[0 6 2 11 9 1 7 5 3 10 8 4 12, 0]
6.5730;295;[0 12 1 7 8 4 6 2 11 9 5 3 10, 0]
6.3700;309;[0 8 4 6 2 11 9 7 5 3 10 1 12, 0]
6.3540;295;[0 10 3 5 9 11 2 6 4 8 7 1 12, 0]
6.4000;331;[0 12 1 10 3 5 7 8 4 6 2 11 9, 0]
6.7310;315;[0 10 3 5 7 1 12 8 4 6 2 11 9, 0]
6.8390;300;[0 12 10 3 5 7 9 11 2 6 4 8 1, 0]
6.3720;269;[0 10 3 5 7 9 11 2 6 4 8 1 12, 0]
10.9740;269;[0 10 3 5 7 9 11 2 6 4 8 1 12, 0]
6.8760;350;[0 4 6 2 11 9 5 3 10 7 8 1 12, 0]
6.2560;360;[0 12 2 11 9 7 1 8 4 6 5 3 10, 0]
6.3430;269;[0 10 3 5 7 9 11 2 6 4 8 1 12, 0]
6.8390;331;[0 10 1 7 3 5 9 11 2 6 4 8 12, 0]
6.1430;269;[0 12 1 8 4 6 2 11 9 7 5 3 10, 0]
6.7710;301;[0 12 1 7 9 11 2 6 4 8 5 3 10, 0]
6.3770;315;[0 9 11 2 6 4 8 12 1 7 5 3 10, 0]
6.6120;336;[0 11 2 6 4 8 12 1 9 7 5 3 10, 0]
6.3450;301;[0 10 3 5 8 4 6 2 11 9 7 1 12, 0]
6.4990;321;[0 12 1 7 10 3 5 9 11 2 6 4 8, 0]
6.2620;379;[0 10 12 1 8 4 6 7 3 5 11 2 9, 0]
6.3100;334;[0 12 10 3 5 7 1 8 4 6 2 11 9, 0]
6.3770;321;[0 8 4 6 2 11 9 5 3 10 7 1 12, 0]
6.4820;346;[0 12 1 8 9 7 10 3 5 11 2 6 4, 0]
6.3740;336;[0 11 2 6 4 8 12 1 7 9 5 3 10, 0]
6.5520;314;[0 10 3 5 1 12 8 4 6 2 11 9 7, 0]
6.2410;358;[0 1 9 2 11 5 3 10 7 6 4 8 12, 0]
6.2220;269;[0 10 3 5 7 9 11 2 6 4 8 1 12, 0]
6.4430;322;[0 1 7 9 8 4 6 2 11 5 3 10 12, 0]
6.2790;322;[0 12 10 3 5 11 2 6 4 8 9 7 1, 0]
6.4670;301;[0 10 3 5 8 4 6 2 11 9 7 1 12, 0]
6.1610;291;[0 10 3 5 11 2 6 4 8 9 7 1 12, 0]
6.7090;332;[0 10 3 8 4 6 2 11 9 5 7 1 12, 0]
6.5210;295;[0 12 1 9 11 2 6 4 8 7 5 3 10, 0]
6.1160;317;[0 1 7 10 3 5 9 11 2 6 4 8 12, 0]
6.3670;269;[0 10 3 5 7 9 11 2 6 4 8 1 12, 0]
6.2060;305;[0 10 3 5 7 9 8 4 6 2 11 1 12, 0]
6.4080;369;[0 12 2 6 4 8 1 10 3 5 11 9 7, 0]
6.1450;349;[0 3 5 7 9 8 4 6 2 11 1 12 10, 0]
6.2340;342;[0 12 4 6 2 11 5 3 10 7 9 8 1, 0]
6.2450;346;[0 12 1 8 9 7 10 3 5 11 2 6 4, 0]
6.1980;269;[0 10 3 5 7 9 11 2 6 4 8 1 12, 0]
6.3340;363;[0 12 8 4 6 10 3 5 11 2 9 7 1, 0]
6.1540;317;[0 1 7 10 3 5 9 11 2 6 4 8 12, 0]
6.6630;295;[0 12 1 7 8 4 6 2 11 9 5 3 10, 0]
6.2560;359;[0 7 9 2 11 5 3 10 1 8 6 4 12, 0]
6.2900;303;[0 12 8 4 6 2 11 9 1 7 5 3 10, 0]
6.4400;338;[0 8 4 6 2 11 9 1 7 5 3 10 12, 0]
6.2440;303;[0 10 3 5 7 1 9 11 2 6 4 8 12, 0]
6.5700;303;[0 12 8 4 6 2 11 9 1 7 5 3 10, 0]
6.4140;358;[0 12 1 8 4 6 7 10 3 5 11 2 9, 0]
6.5690;291;[0 12 1 7 9 8 4 6 2 11 5 3 10, 0]
6.1520;342;[0 8 4 6 2 11 9 5 3 7 1 12 10, 0]
6.1480;309;[0 12 1 10 3 5 7 9 11 2 6 4 8, 0]
7.7140;291;[0 10 3 5 11 2 6 4 8 9 7 1 12, 0]
7.3020;305;[0 12 1 11 2 6 4 8 9 7 5 3 10, 0]
7.2230;349;[0 8 4 6 2 11 9 5 7 1 12 3 10, 0]
7.2810;340;[0 11 2 6 4 8 9 7 5 3 10 1 12, 0]
7.2770;360;[0 10 3 5 6 4 8 1 7 9 11 2 12, 0]
7.2370;352;[0 3 5 9 7 1 12 8 4 6 2 11 10, 0]
7.3120;269;[0 12 1 8 4 6 2 11 9 7 5 3 10, 0]
6.9350;343;[0 9 11 2 6 4 8 1 10 3 5 7 12, 0]
7.0920;317;[0 12 8 4 6 2 11 9 5 3 10 7 1, 0]
6.9660;269;[0 10 3 5 7 9 11 2 6 4 8 1 12, 0]
7.2000;315;[0 9 11 2 6 4 8 12 1 7 5 3 10, 0]
6.8330;295;[0 10 3 5 7 8 4 6 2 11 9 1 12, 0]
6.8420;332;[0 1 7 9 11 2 6 4 8 5 3 10 12, 0]
7.1030;291;[0 12 1 7 9 8 4 6 2 11 5 3 10, 0]
6.7030;325;[0 1 9 7 10 3 5 11 2 6 4 8 12, 0]
6.7220;332;[0 12 10 3 5 8 4 6 2 11 9 7 1, 0]
6.6510;295;[0 10 3 5 9 11 2 6 4 8 7 1 12, 0]

tsp_14.txt;282;[0 10 3 5 7 9 13 11 2 6 4 8 1 12 0] 
6.7880;334;[0 12 8 4 6 2 9 11 13 5 3 10 7 1, 0]
6.8140;328;[0 1 9 7 10 3 5 13 11 2 6 4 8 12, 0]
6.9040;338;[0 12 1 7 10 3 5 13 11 9 2 6 4 8, 0]
6.6450;308;[0 10 3 5 7 8 4 6 2 11 13 9 1 12, 0]
6.8310;306;[0 10 3 5 13 11 7 9 2 6 4 8 1 12, 0]
6.6470;328;[0 10 3 5 7 1 12 8 4 6 2 11 13 9, 0]
7.1950;314;[0 10 3 5 8 4 6 2 11 13 9 7 1 12, 0]
6.7620;331;[0 12 4 6 8 1 7 9 2 11 13 5 3 10, 0]
6.6850;322;[0 8 4 6 2 11 13 9 7 5 3 10 1 12, 0]
6.6680;333;[0 12 4 6 2 11 13 9 8 1 7 5 3 10, 0]
6.6020;362;[0 12 4 6 8 1 10 3 5 13 11 2 9 7, 0]
6.6500;332;[0 12 1 9 7 10 3 5 13 11 2 6 4 8, 0]
6.7320;356;[0 12 4 6 2 9 7 1 8 11 13 5 3 10, 0]
6.8540;360;[0 10 13 11 9 7 3 5 2 6 4 8 1 12, 0]
6.9850;379;[0 8 4 6 2 11 13 1 12 10 3 5 9 7, 0]
6.6750;282;[0 12 1 8 4 6 2 11 13 9 7 5 3 10, 0]
6.6930;308;[0 10 3 5 7 8 4 6 2 11 13 9 1 12, 0]
6.6940;344;[0 10 1 7 3 5 9 13 11 2 6 4 8 12, 0]
6.6110;356;[0 12 4 6 2 9 7 1 8 11 13 5 3 10, 0]
6.6310;343;[0 7 13 11 2 6 4 8 9 5 3 10 1 12, 0]
6.7840;373;[0 4 6 2 9 8 12 1 7 11 13 5 3 10, 0]
6.6970;356;[0 1 9 11 13 5 3 10 7 2 6 4 8 12, 0]
6.7340;328;[0 10 3 5 7 1 12 8 4 6 2 11 13 9, 0]
6.6410;374;[0 10 11 13 5 3 7 8 4 6 2 9 1 12, 0]
6.6600;399;[0 7 11 13 5 3 10 12 1 8 9 2 6 4, 0]
6.7000;327;[0 10 3 5 1 12 8 4 6 2 11 13 9 7, 0]
6.7270;338;[0 12 1 7 10 3 5 13 11 9 2 6 4 8, 0]
7.0620;356;[0 12 8 4 6 2 9 7 10 3 5 13 11 1, 0]
6.6210;314;[0 10 3 5 8 4 6 2 11 13 9 7 1 12, 0]
6.7030;361;[0 12 1 7 10 3 5 9 8 4 6 2 11 13, 0]
6.7240;337;[0 12 10 3 5 13 11 7 9 2 6 4 8 1, 0]
6.6460;282;[0 12 1 8 4 6 2 11 13 9 7 5 3 10, 0]
7.5460;314;[0 12 1 7 9 13 11 2 6 4 8 5 3 10, 0]
6.7160;339;[0 12 10 3 5 7 8 4 6 2 11 13 9 1, 0]
6.7940;415;[0 10 12 1 8 11 13 9 7 3 5 2 6 4, 0]
6.6760;282;[0 12 1 8 4 6 2 11 13 9 7 5 3 10, 0]
6.9150;306;[0 12 1 8 4 6 2 9 7 11 13 5 3 10, 0]
6.6600;330;[0 12 1 7 13 9 8 4 6 2 11 5 3 10, 0]
6.7040;327;[0 10 3 5 1 12 8 4 6 2 11 13 9 7, 0]
6.7410;375;[0 12 9 2 6 4 8 1 10 3 5 13 11 7, 0]
6.6480;375;[0 7 11 13 5 3 10 1 8 4 6 2 9 12, 0]
6.6570;338;[0 12 1 7 10 3 5 13 11 9 2 6 4 8, 0]
7.5940;398;[0 7 13 9 8 1 10 3 5 11 2 6 4 12, 0]
6.9380;372;[0 12 1 9 7 5 3 10 8 4 6 2 11 13, 0]
9.6090;338;[0 10 12 1 7 9 8 4 6 2 11 13 5 3, 0]
6.5220;282;[0 10 3 5 7 9 13 11 2 6 4 8 1 12, 0]
6.6870;411;[0 5 13 11 9 7 1 12 10 3 2 6 4 8, 0]
7.9440;282;[0 12 1 8 4 6 2 11 13 9 7 5 3 10, 0]
6.8070;306;[0 10 3 5 13 11 7 9 2 6 4 8 1 12, 0]
6.7100;306;[0 10 3 5 13 11 7 9 2 6 4 8 1 12, 0]
6.5290;372;[0 7 9 11 13 5 3 10 1 8 4 6 2 12, 0]
6.6030;317;[0 10 3 5 7 9 8 4 6 2 11 13 1 12, 0]
7.0020;282;[0 12 1 8 4 6 2 11 13 9 7 5 3 10, 0]
6.3730;337;[0 1 8 4 6 2 9 7 11 13 5 3 10 12, 0]
6.6320;308;[0 12 1 9 13 11 2 6 4 8 7 5 3 10, 0]
6.6900;294;[0 10 3 5 13 11 2 6 4 8 9 7 1 12, 0]
6.6880;342;[0 12 8 4 6 2 11 13 5 3 7 9 1 10, 0]
6.7100;360;[0 10 3 12 1 9 7 5 13 11 2 6 4 8, 0]
6.8410;294;[0 10 3 5 13 11 2 6 4 8 9 7 1 12, 0]
6.7160;356;[0 1 9 11 13 5 3 10 7 2 6 4 8 12, 0]
6.6170;294;[0 12 1 7 9 8 4 6 2 11 13 5 3 10, 0]
6.6280;314;[0 10 3 5 8 4 6 2 11 13 9 7 1 12, 0]
6.7360;317;[0 10 3 5 7 9 8 4 6 2 11 13 1 12, 0]
6.7160;342;[0 12 8 4 6 2 11 13 5 3 7 9 1 10, 0]
6.7360;378;[0 12 4 8 1 10 3 5 7 9 13 11 2 6, 0]
6.8000;360;[0 8 4 6 2 9 7 10 3 5 13 11 1 12, 0]
6.6670;361;[0 12 1 8 4 6 7 10 3 5 13 11 2 9, 0]
6.7930;326;[0 10 12 1 8 4 6 2 11 13 9 7 5 3, 0]
7.0240;376;[0 12 10 3 5 11 2 6 4 8 1 9 13 7, 0]
6.5690;347;[0 10 7 1 12 8 4 6 2 9 11 13 5 3, 0]
6.6200;308;[0 12 1 7 8 4 6 2 11 13 9 5 3 10, 0]
6.6440;314;[0 12 1 7 9 13 11 2 6 4 8 5 3 10, 0]
6.5720;357;[0 10 13 11 2 6 4 8 12 1 9 7 5 3, 0]
6.7050;357;[0 7 13 9 1 12 8 4 6 2 11 5 3 10, 0]
6.7750;306;[0 12 1 8 4 6 2 9 7 11 13 5 3 10, 0]
6.6900;314;[0 10 3 5 8 4 6 2 11 13 9 7 1 12, 0]
6.7220;345;[0 10 3 5 7 9 1 12 8 4 6 2 11 13, 0]
6.6440;325;[0 7 9 8 4 6 2 11 13 5 3 10 1 12, 0]
6.6330;377;[0 12 8 4 6 2 9 7 1 10 3 5 13 11, 0]
6.5640;325;[0 1 7 9 8 4 6 2 11 13 5 3 10 12, 0]
6.9260;326;[0 10 12 1 8 4 6 2 11 13 9 7 5 3, 0]
6.8210;282;[0 10 3 5 7 9 13 11 2 6 4 8 1 12, 0]
6.7160;373;[0 10 3 5 7 9 2 6 4 8 12 1 11 13, 0]
6.6770;338;[0 3 5 13 11 2 6 4 8 9 7 1 12 10, 0]
6.7350;350;[0 3 5 13 11 7 9 2 6 4 8 1 12 10, 0]
6.6460;356;[0 12 8 4 6 2 7 10 3 5 13 11 9 1, 0]
6.6050;331;[0 12 4 6 8 1 7 9 2 11 13 5 3 10, 0]
6.6670;331;[0 10 3 5 13 11 2 9 7 1 8 6 4 12, 0]
6.9520;349;[0 12 1 7 5 13 11 9 2 6 4 8 3 10, 0]
6.6270;357;[0 7 13 9 1 12 8 4 6 2 11 5 3 10, 0]
6.8960;337;[0 12 10 3 5 13 11 7 9 2 6 4 8 1, 0]
6.5760;328;[0 9 13 11 2 6 4 8 12 1 7 5 3 10, 0]
6.6240;316;[0 12 8 4 6 2 11 13 9 1 7 5 3 10, 0]
7.0120;330;[0 10 3 5 11 2 6 4 8 9 13 7 1 12, 0]
6.6870;349;[0 10 3 8 4 6 2 9 11 13 5 7 1 12, 0]
6.6300;317;[0 10 3 5 7 9 8 4 6 2 11 13 1 12, 0]
6.7270;306;[0 10 3 5 13 11 7 9 2 6 4 8 1 12, 0]
6.8440;359;[0 4 6 2 11 13 9 7 5 3 10 1 8 12, 0]
6.9330;366;[0 12 8 4 6 10 3 5 13 11 2 9 7 1, 0]
6.5770;313;[0 1 8 4 6 2 11 13 9 7 5 3 10 12, 0]

tsp_15.txt;291;[0 12 1 14 8 4 6 2 11 13 9 7 5 3 10 0] 
7.0670;387;[0 12 14 1 5 7 8 4 6 2 9 11 13 3 10, 0]
6.9150;362;[0 12 14 4 6 8 1 10 3 5 13 11 2 9 7, 0]
7.2380;408;[0 4 6 2 9 7 5 13 11 8 14 12 1 3 10, 0]
7.0180;321;[0 10 3 5 7 1 9 13 11 2 6 4 8 14 12, 0]
6.8430;344;[0 14 8 4 6 2 9 11 13 5 3 10 7 1 12, 0]
6.9920;335;[0 10 12 1 14 8 4 6 2 11 13 9 7 5 3, 0]
7.2470;376;[0 12 14 1 10 3 5 9 8 4 6 2 11 13 7, 0]
6.8960;359;[0 12 14 4 6 2 11 13 9 5 3 10 7 8 1, 0]
7.0120;329;[0 12 9 13 11 2 6 4 8 14 1 7 5 3 10, 0]
6.9960;389;[0 11 13 5 3 10 12 14 8 4 6 2 9 7 1, 0]
6.9050;343;[0 10 3 5 13 11 9 7 1 8 2 6 4 14 12, 0]
7.1080;358;[0 4 6 2 11 13 5 3 10 7 9 8 14 1 12, 0]
7.0590;291;[0 12 1 14 8 4 6 2 11 13 9 7 5 3 10, 0]
6.9560;398;[0 7 13 9 1 12 10 3 5 11 2 6 4 8 14, 0]
6.9880;327;[0 12 1 7 9 13 11 2 6 4 14 8 5 3 10, 0]
7.1090;385;[0 7 13 9 1 14 8 4 6 2 11 5 3 10 12, 0]
6.9600;383;[0 1 9 2 6 4 8 14 12 10 3 5 13 11 7, 0]
6.9550;291;[0 12 1 14 8 4 6 2 11 13 9 7 5 3 10, 0]
7.1260;327;[0 10 3 5 8 14 4 6 2 11 13 9 7 1 12, 0]
7.1340;291;[0 12 1 14 8 4 6 2 11 13 9 7 5 3 10, 0]
7.0140;322;[0 1 14 8 4 6 2 11 13 9 7 5 3 10 12, 0]
7.0600;327;[0 12 1 7 9 13 11 2 6 4 14 8 5 3 10, 0]
7.2660;366;[0 7 9 2 11 13 5 3 10 1 14 4 6 8 12, 0]
6.9910;343;[0 12 14 4 6 2 8 1 7 9 11 13 5 3 10, 0]
6.9570;394;[0 12 1 14 8 9 13 7 10 3 5 11 2 6 4, 0]
7.2800;366;[0 14 8 4 6 2 11 13 5 9 7 1 12 3 10, 0]
6.9450;367;[0 1 7 9 11 13 5 3 10 2 6 4 8 14 12, 0]
7.1550;335;[0 12 14 8 4 6 2 11 13 9 5 3 10 7 1, 0]
6.9330;291;[0 10 3 5 7 9 13 11 2 6 4 8 14 1 12, 0]
7.0510;321;[0 10 3 5 9 13 11 2 6 4 14 8 7 1 12, 0]
7.2950;331;[0 12 14 4 8 1 7 9 6 2 11 13 5 3 10, 0]
6.8780;346;[0 3 5 13 11 2 6 4 8 14 12 1 9 7 10, 0]
7.2030;362;[0 12 14 4 8 1 10 3 5 13 11 2 6 9 7, 0]
7.0260;392;[0 14 4 8 1 12 10 3 5 9 6 2 11 13 7, 0]
6.9890;291;[0 12 1 14 8 4 6 2 11 13 9 7 5 3 10, 0]
6.9980;329;[0 12 9 13 11 2 6 4 8 14 1 7 5 3 10, 0]
6.8530;291;[0 10 3 5 7 9 13 11 2 6 4 8 14 1 12, 0]
6.6870;291;[0 10 3 5 7 9 13 11 2 6 4 8 14 1 12, 0]
7.1730;322;[0 12 10 3 5 7 9 13 11 2 6 4 8 14 1, 0]
7.0980;327;[0 12 1 7 9 13 11 2 6 4 14 8 5 3 10, 0]
6.8660;332;[0 10 3 5 1 12 14 8 4 6 2 11 13 9 7, 0]
7.2230;421;[0 14 8 4 6 5 3 10 12 1 7 13 11 2 9, 0]
6.7980;333;[0 10 3 5 7 1 8 9 13 11 2 6 4 14 12, 0]
6.8780;321;[0 10 3 5 7 8 14 4 6 2 11 13 9 1 12, 0]
7.3340;321;[0 10 3 5 7 8 14 4 6 2 11 13 9 1 12, 0]
6.8820;358;[0 2 6 4 8 14 12 1 7 9 11 13 5 3 10, 0]
6.8500;382;[0 13 11 2 6 4 8 9 7 5 3 10 1 14 12, 0]
7.0360;307;[0 12 1 7 9 8 14 4 6 2 11 13 5 3 10, 0]
6.9440;327;[0 12 1 7 9 13 11 2 6 4 14 8 5 3 10, 0]
6.8690;315;[0 10 3 5 13 11 7 9 2 6 4 8 14 1 12, 0]
6.8620;291;[0 10 3 5 7 9 13 11 2 6 4 8 14 1 12, 0]
7.0900;387;[0 12 14 8 9 5 3 10 1 4 6 2 11 13 7, 0]
7.0550;365;[0 10 12 1 9 13 11 2 6 4 14 8 7 5 3, 0]
6.8570;321;[0 10 3 5 9 13 11 2 6 4 14 8 7 1 12, 0]
7.1580;376;[0 5 13 9 7 1 12 14 8 4 6 2 11 3 10, 0]
6.9130;393;[0 7 9 5 3 10 1 4 6 2 11 13 8 14 12, 0]
6.9180;345;[0 1 8 9 7 10 3 5 13 11 2 6 4 14 12, 0]
6.9280;365;[0 9 13 11 2 6 4 8 14 10 3 5 7 1 12, 0]
6.9170;374;[0 14 8 4 6 2 11 5 3 10 7 13 9 1 12, 0]
7.3040;385;[0 11 13 5 3 7 9 2 6 4 8 14 1 12 10, 0]
6.8330;377;[0 12 14 4 8 7 10 3 5 9 13 11 2 6 1, 0]
6.9370;428;[0 3 5 13 11 7 10 12 1 14 8 9 2 6 4, 0]
7.3460;390;[0 12 1 11 13 5 7 9 8 14 4 6 2 3 10, 0]
7.0570;359;[0 10 12 1 14 8 4 6 2 9 7 11 13 5 3, 0]
7.6000;366;[0 12 8 6 4 14 1 10 3 5 13 11 2 9 7, 0]
7.1330;361;[0 1 11 13 5 3 10 7 9 2 6 4 8 14 12, 0]
6.9370;291;[0 12 1 14 8 4 6 2 11 13 9 7 5 3 10, 0]
7.0720;385;[0 1 7 5 3 10 12 14 8 9 13 11 2 6 4, 0]
7.0300;388;[0 12 14 4 6 2 9 8 1 10 3 5 13 11 7, 0]
6.9290;365;[0 12 1 7 5 3 10 14 8 4 6 2 11 13 9, 0]
6.9210;347;[0 10 1 9 7 3 5 13 11 2 6 4 8 14 12, 0]
6.9790;321;[0 12 14 8 4 6 2 11 13 9 1 7 5 3 10, 0]
6.9480;343;[0 10 3 5 13 11 9 7 8 14 4 6 2 1 12, 0]
7.0470;368;[0 7 13 11 9 1 12 14 8 4 6 2 5 3 10, 0]
7.0470;402;[0 14 8 10 3 5 4 6 2 11 13 9 7 1 12, 0]
7.1000;321;[0 12 14 8 4 6 2 11 13 9 1 7 5 3 10, 0]
7.3650;342;[0 14 8 4 6 2 11 13 9 12 1 7 5 3 10, 0]
6.9700;368;[0 10 3 14 4 6 2 11 13 5 7 9 8 1 12, 0]
6.9770;327;[0 12 1 7 9 13 11 2 6 4 14 8 5 3 10, 0]
6.9710;350;[0 13 11 2 6 4 8 14 12 1 9 7 5 3 10, 0]
6.9700;291;[0 12 1 14 8 4 6 2 11 13 9 7 5 3 10, 0]
7.6950;390;[0 12 14 4 8 1 7 10 3 5 9 13 11 2 6, 0]
6.9250;358;[0 12 10 3 5 8 14 4 6 2 11 13 9 7 1, 0]
6.9260;351;[0 3 5 13 11 2 6 4 14 8 9 7 1 12 10, 0]
7.1680;371;[0 12 4 6 2 11 13 5 7 9 8 14 1 3 10, 0]
6.9160;345;[0 12 14 4 6 2 11 13 5 3 10 7 9 8 1, 0]
6.8980;344;[0 14 8 4 6 2 9 11 13 5 3 10 7 1 12, 0]
6.9630;354;[0 7 2 6 4 8 14 12 1 9 11 13 5 3 10, 0]
6.9320;350;[0 12 1 8 9 7 10 3 5 13 11 2 6 4 14, 0]
7.0610;393;[0 14 4 8 10 3 5 9 6 2 11 13 7 1 12, 0]
6.9120;291;[0 10 3 5 7 9 13 11 2 6 4 8 14 1 12, 0]
7.1220;291;[0 12 1 14 8 4 6 2 11 13 9 7 5 3 10, 0]
7.0840;307;[0 12 1 7 9 8 14 4 6 2 11 13 5 3 10, 0]
6.8900;307;[0 12 1 7 9 8 14 4 6 2 11 13 5 3 10, 0]
6.9450;378;[0 1 7 9 2 11 13 5 3 10 12 14 4 6 8, 0]
6.9040;335;[0 3 5 7 9 13 11 2 6 4 8 14 1 12 10, 0]
7.2980;397;[0 6 2 11 13 5 3 10 12 14 4 8 9 7 1, 0]
6.9990;381;[0 1 2 6 4 8 14 12 10 3 5 13 11 9 7, 0]
6.8500;335;[0 3 5 7 9 13 11 2 6 4 8 14 1 12 10, 0]
6.9220;335;[0 10 3 5 13 11 2 9 7 1 14 4 6 8 12, 0]

gr17.txt;2085;[0 3 12 6 7 5 16 13 14 2 10 9 1 4 8 11 15 0] 
7.3780;2215;[0 3 12 6 7 5 4 1 9 10 2 14 13 16 8 11 15, 0]
7.3020;2330;[0 6 7 5 16 8 11 15 3 13 14 9 1 4 10 2 12, 0]
7.4970;2598;[0 3 12 6 16 7 5 2 14 13 15 11 8 10 4 1 9, 0]
7.4830;2187;[0 16 13 14 2 10 9 1 4 8 11 15 3 12 5 7 6, 0]
7.5130;2205;[0 7 5 2 10 4 1 9 14 13 16 6 12 8 11 15 3, 0]
7.4150;2243;[0 15 11 8 3 12 6 7 5 16 13 14 2 10 9 1 4, 0]
7.3550;2437;[0 6 16 7 5 2 14 13 3 15 11 8 4 1 9 10 12, 0]
8.4290;2252;[0 15 11 8 3 10 4 1 9 14 2 13 16 5 7 6 12, 0]
7.5960;2423;[0 10 9 1 4 8 11 15 3 12 13 14 2 5 7 16 6, 0]
7.1670;2167;[0 6 12 3 15 11 8 4 1 9 10 2 14 13 5 7 16, 0]
7.6100;2760;[0 3 12 6 7 13 14 9 1 8 11 15 5 4 10 2 16, 0]
7.3840;2279;[0 14 9 1 4 10 2 13 16 5 7 6 12 8 11 15 3, 0]
7.3780;2215;[0 15 11 8 3 12 6 7 16 13 14 2 10 4 1 9 5, 0]
7.5290;2370;[0 4 1 9 10 2 14 13 5 7 8 11 15 3 12 16 6, 0]
7.3630;2256;[0 13 2 14 9 1 4 10 8 11 15 3 12 16 5 7 6, 0]
7.3520;2326;[0 6 7 12 3 15 11 8 5 10 4 1 9 14 2 13 16, 0]
7.2760;2433;[0 12 10 9 1 4 8 11 15 3 6 7 5 2 14 13 16, 0]
7.3690;2192;[0 15 11 8 3 12 6 7 13 2 14 9 1 4 10 5 16, 0]
7.3380;2098;[0 6 16 7 5 13 14 2 10 9 1 4 8 11 15 3 12, 0]
7.4120;2142;[0 15 11 8 3 16 5 2 10 4 1 9 14 13 7 6 12, 0]
7.4810;2163;[0 3 12 6 16 7 5 13 2 14 9 1 4 10 8 11 15, 0]
7.3620;2176;[0 6 7 16 13 2 14 9 1 4 10 5 12 3 8 11 15, 0]
7.3790;2792;[0 3 12 6 16 4 1 8 11 15 13 14 9 10 2 5 7, 0]
7.4340;2652;[0 12 6 5 2 14 13 7 8 11 15 3 16 4 1 9 10, 0]
7.4300;2246;[0 6 7 5 16 13 2 10 4 1 9 14 12 8 11 15 3, 0]
7.3490;2377;[0 16 13 14 5 12 3 15 11 8 4 1 9 10 2 7 6, 0]
7.3660;2136;[0 15 11 8 3 12 6 16 13 14 9 1 4 10 2 5 7, 0]
7.3180;2398;[0 13 14 5 7 6 12 3 15 11 8 4 1 9 10 2 16, 0]
7.6880;2714;[0 15 3 16 5 2 14 13 11 8 4 1 9 10 7 6 12, 0]
7.3880;2215;[0 15 11 8 3 12 6 7 16 13 14 2 10 9 1 4 5, 0]
7.3570;2446;[0 3 12 6 7 16 15 11 8 13 2 14 9 1 4 10 5, 0]
7.5570;2348;[0 6 7 16 12 3 15 11 8 5 4 1 9 10 2 14 13, 0]
7.3810;2221;[0 13 14 9 1 4 10 2 5 7 6 16 8 11 15 3 12, 0]
7.3890;2090;[0 6 7 5 2 10 4 1 9 14 13 16 12 3 8 11 15, 0]
7.4630;2248;[0 6 7 16 13 14 2 10 9 1 4 5 8 11 15 3 12, 0]
7.6910;2205;[0 12 8 11 15 3 13 14 9 1 4 10 2 5 7 16 6, 0]
7.4540;2790;[0 5 2 10 14 13 16 8 11 15 3 12 4 1 9 7 6, 0]
7.5160;2227;[0 15 11 8 10 4 1 9 14 2 13 16 3 12 5 7 6, 0]
7.8640;2312;[0 6 12 3 15 11 8 16 7 5 10 4 1 9 14 2 13, 0]
7.4030;2192;[0 2 10 4 1 9 14 13 5 7 16 6 12 3 8 11 15, 0]
7.4110;2281;[0 5 10 4 1 9 14 2 13 16 7 6 8 11 15 3 12, 0]
7.3420;2129;[0 12 6 16 7 5 13 14 2 10 9 1 4 8 11 15 3, 0]
7.4590;2290;[0 13 14 2 10 9 1 4 8 11 15 16 5 7 6 12 3, 0]
7.3420;2257;[0 6 7 5 16 15 11 8 4 1 9 10 2 14 13 12 3, 0]
7.4180;2214;[0 15 11 8 6 7 5 10 4 1 9 14 2 13 16 12 3, 0]
7.7190;2611;[0 12 3 15 11 8 4 10 2 5 7 16 13 14 9 1 6, 0]
7.3850;2307;[0 3 15 11 8 12 6 7 5 16 13 2 14 9 1 4 10, 0]
7.5020;2305;[0 6 7 16 12 8 11 15 3 5 2 10 4 1 9 14 13, 0]
7.4010;2167;[0 12 6 7 16 13 14 9 1 4 10 2 5 3 8 11 15, 0]
7.3700;2123;[0 15 11 8 3 12 6 7 5 2 10 4 1 9 14 13 16, 0]
7.5690;2497;[0 2 10 9 1 4 8 11 15 13 14 5 7 16 6 12 3, 0]
7.4910;2482;[0 6 7 5 13 16 12 3 15 11 8 2 10 4 1 9 14, 0]
7.3220;2227;[0 13 14 2 10 9 1 4 8 11 15 3 16 5 7 6 12, 0]
7.7360;2249;[0 6 16 12 3 15 11 8 10 4 1 9 14 2 13 5 7, 0]
7.4820;2662;[0 6 7 5 2 14 13 11 8 4 1 9 10 16 12 3 15, 0]
7.3570;2253;[0 12 3 15 11 8 6 7 5 16 13 14 9 1 4 10 2, 0]
8.5070;2420;[0 3 8 12 6 16 7 5 13 14 2 10 9 1 4 11 15, 0]
7.3570;2288;[0 6 7 12 8 11 15 3 5 2 10 4 1 9 14 13 16, 0]
7.4030;2372;[0 3 12 6 16 8 11 15 7 5 2 10 4 1 9 14 13, 0]
7.3840;2690;[0 6 7 4 1 8 11 15 3 12 16 5 2 10 9 14 13, 0]
7.4730;2167;[0 12 8 11 15 3 16 13 14 9 1 4 10 2 5 7 6, 0]
7.5130;2200;[0 6 16 13 14 2 10 9 1 4 8 11 15 3 12 5 7, 0]
8.6900;2646;[0 6 7 5 4 10 2 12 3 15 11 8 1 9 14 13 16, 0]
7.4480;2228;[0 3 12 6 7 13 14 2 10 4 1 9 5 16 8 11 15, 0]
7.3630;2268;[0 16 7 13 14 9 1 4 10 2 5 8 11 15 3 12 6, 0]
7.8030;2222;[0 13 14 9 1 4 10 2 5 7 16 6 12 8 11 15 3, 0]
7.3790;2337;[0 6 7 5 14 13 12 3 16 2 10 9 1 4 8 11 15, 0]
7.3310;2464;[0 3 12 2 10 9 1 4 8 11 15 13 14 5 7 16 6, 0]
7.5690;2354;[0 6 7 5 13 16 12 3 15 11 8 4 1 9 10 2 14, 0]
7.6220;2660;[0 15 11 8 4 10 2 3 12 13 14 9 1 5 7 16 6, 0]
7.5130;2579;[0 3 12 16 9 1 4 10 8 11 15 7 5 2 14 13 6, 0]
7.3880;2256;[0 6 12 3 15 11 8 16 7 5 2 10 4 1 9 14 13, 0]
7.4750;2239;[0 16 13 14 9 1 4 10 2 5 7 8 11 15 3 12 6, 0]
7.4860;2167;[0 15 11 8 3 13 14 9 1 4 10 2 5 7 16 6 12, 0]
7.4010;2720;[0 9 1 4 8 11 15 13 14 10 2 5 7 16 6 12 3, 0]
7.4450;2157;[0 6 7 5 2 10 4 1 9 14 13 16 8 11 15 3 12, 0]
7.3980;2404;[0 12 6 7 5 2 10 9 1 4 8 11 15 3 16 14 13, 0]
7.4550;2187;[0 6 7 16 13 14 9 1 4 10 2 5 8 11 15 3 12, 0]
7.3730;2158;[0 15 11 8 6 7 5 2 10 4 1 9 14 13 16 12 3, 0]
7.5060;2085;[0 3 12 6 7 5 16 13 14 2 10 9 1 4 8 11 15, 0]
7.4420;2235;[0 16 7 5 13 2 14 9 1 4 10 8 11 15 3 12 6, 0]
7.3340;2394;[0 2 14 9 1 4 10 8 11 15 3 12 16 13 5 7 6, 0]
7.4750;2286;[0 12 3 15 11 8 6 7 16 13 14 2 10 4 1 9 5, 0]
7.9870;2103;[0 6 16 13 14 9 1 4 10 2 5 7 12 3 8 11 15, 0]
7.5310;2683;[0 13 14 9 1 5 7 6 12 3 15 11 8 4 10 2 16, 0]
7.3610;2608;[0 3 15 11 8 1 9 14 13 16 6 7 5 4 10 2 12, 0]
7.6480;2682;[0 13 14 9 10 2 5 7 6 12 3 16 4 1 8 11 15, 0]
7.6120;2240;[0 15 11 8 13 2 14 9 1 4 10 5 7 16 6 12 3, 0]
7.4440;2244;[0 3 15 11 8 16 13 2 14 9 1 4 10 5 7 6 12, 0]
8.1590;2334;[0 6 7 5 16 12 8 11 15 3 2 10 4 1 9 14 13, 0]
7.7160;2724;[0 16 2 9 14 13 3 15 11 8 1 4 10 5 7 6 12, 0]
7.5130;2466;[0 14 9 1 4 10 8 11 15 3 12 6 7 5 2 13 16, 0]
7.5690;2269;[0 5 2 10 4 1 9 14 13 7 16 8 11 15 3 12 6, 0]
7.7980;2356;[0 6 12 3 15 11 8 16 7 5 13 14 2 10 9 1 4, 0]
7.5390;2442;[0 12 6 7 16 13 14 5 3 15 11 8 4 1 9 10 2, 0]
7.3820;2256;[0 6 7 5 16 12 3 15 11 8 10 4 1 9 14 2 13, 0]
7.3420;2287;[0 6 7 16 12 3 15 11 8 5 2 10 4 1 9 14 13, 0]
7.3350;2261;[0 12 3 15 11 8 16 7 13 2 14 9 1 4 10 5 6, 0]
7.5580;2249;[0 6 16 12 3 15 11 8 10 4 1 9 14 2 13 5 7, 0]
8.2140;2631;[0 13 14 2 5 12 3 15 11 8 6 7 9 1 4 10 16, 0]

gr21.txt;0;[0 0] 
8.3700;3230;[0 10 19 20 1 2 8 4 15 14 13 12 17 9 16 18 3 5 7 6 11, 0]
8.3500;3176;[0 3 10 19 20 1 2 8 4 15 5 7 6 14 13 12 17 9 16 18 11, 0]
8.3340;3483;[0 10 19 20 1 2 8 4 15 18 16 9 14 13 12 17 3 5 7 6 11, 0]
8.3240;3706;[0 11 15 4 8 2 3 10 19 16 18 6 7 5 20 1 14 13 12 17 9, 0]
8.3850;3581;[0 16 9 17 1 2 8 4 15 3 10 19 20 14 13 12 18 11 5 7 6, 0]
8.3130;3774;[0 11 18 16 9 3 10 19 20 14 1 2 8 4 15 13 12 17 5 7 6, 0]
8.5200;2877;[0 11 3 10 18 16 9 17 12 13 14 20 19 1 2 8 4 15 5 7 6, 0]
8.4230;3000;[0 6 11 3 19 9 17 12 13 14 20 1 2 8 4 15 5 7 10 16 18, 0]
8.3590;3095;[0 19 9 17 12 13 14 20 1 2 8 4 15 5 18 16 10 3 11 7 6, 0]
8.3160;3491;[0 3 10 16 18 5 15 4 8 2 7 6 11 19 20 1 14 13 12 17 9, 0]
8.3170;3301;[0 11 5 2 8 4 15 7 6 3 18 16 19 9 17 12 13 14 1 20 10, 0]
8.2980;3328;[0 18 16 9 17 12 19 7 5 15 4 8 2 1 13 14 20 10 3 11 6, 0]
8.3660;3554;[0 6 11 3 10 16 18 15 4 8 2 5 7 9 17 12 13 14 1 20 19, 0]
8.4040;3076;[0 18 16 14 13 12 17 9 19 20 1 2 8 4 15 5 7 6 11 10 3, 0]
8.7600;2879;[0 3 10 18 16 9 17 12 13 14 19 20 1 2 8 4 15 5 7 6 11, 0]
8.3580;3416;[0 16 9 17 12 13 14 20 3 6 7 11 10 18 19 1 2 8 4 15 5, 0]
8.5010;3307;[0 10 19 9 20 1 14 13 12 17 16 18 3 7 5 2 8 4 15 6 11, 0]
8.3940;3413;[0 2 8 4 15 5 7 6 11 3 17 12 13 14 1 20 9 19 10 16 18, 0]
8.4070;3250;[0 3 10 16 18 11 6 7 19 20 14 13 12 17 9 1 2 8 4 15 5, 0]
8.3960;3324;[0 6 7 11 3 10 19 20 9 16 18 5 15 4 8 2 1 14 13 12 17, 0]
8.4410;3332;[0 11 3 10 18 16 12 13 14 1 20 17 9 19 6 7 15 4 8 2 5, 0]
8.4570;3186;[0 5 15 4 8 2 19 9 17 12 13 14 1 20 16 18 10 3 11 7 6, 0]
8.4620;3739;[0 6 7 11 3 10 19 4 15 5 18 16 9 20 17 12 13 14 1 2 8, 0]
8.4060;3675;[0 20 14 13 1 2 8 4 15 5 7 6 18 16 10 3 19 12 17 9 11, 0]
8.4300;3581;[0 20 1 14 13 12 17 9 19 3 6 11 10 16 18 7 15 4 8 2 5, 0]
8.6240;3358;[0 3 20 14 17 9 16 18 6 7 5 15 4 8 2 1 13 12 19 10 11, 0]
8.3130;2924;[0 18 10 19 20 16 9 17 12 13 14 1 2 8 4 15 5 7 6 11 3, 0]
8.1360;3642;[0 3 20 1 14 17 9 19 10 11 5 7 6 18 16 12 13 2 8 4 15, 0]
8.6810;3729;[0 11 6 7 5 15 4 14 13 12 17 9 19 20 1 2 8 18 16 10 3, 0]
35.6390;3668;[0 4 8 2 1 14 20 19 10 3 11 15 5 7 6 18 12 13 17 9 16, 0]
9.2030;3466;[0 11 4 8 15 5 7 6 18 16 20 1 2 14 13 12 17 9 19 10 3, 0]
9.0830;3035;[0 16 18 6 7 11 3 10 19 9 17 12 13 14 20 1 2 8 4 15 5, 0]
8.8130;2924;[0 11 3 19 9 17 12 13 14 20 1 2 8 4 15 5 7 6 10 16 18, 0]
8.8020;3201;[0 3 14 20 16 18 10 19 9 17 12 13 1 2 8 4 15 5 7 6 11, 0]
8.7570;3278;[0 3 11 6 7 2 8 4 15 5 10 19 9 20 1 14 13 12 17 16 18, 0]
8.9250;3096;[0 10 13 12 17 9 16 18 19 20 14 1 2 8 4 15 5 7 6 11 3, 0]
8.8270;3700;[0 5 15 4 8 2 1 14 13 12 6 7 18 16 10 3 19 20 17 9 11, 0]
8.6470;3339;[0 6 11 3 10 19 20 12 13 14 1 2 8 4 15 5 7 18 16 17 9, 0]
9.0000;3085;[0 18 16 10 14 13 12 17 9 19 20 1 2 8 4 15 5 7 6 11 3, 0]
8.7920;3461;[0 10 20 13 12 19 7 5 15 4 8 2 1 14 17 9 16 18 3 11 6, 0]
8.9710;3268;[0 6 7 5 15 4 8 2 1 13 14 20 19 10 3 17 12 9 16 18 11, 0]
8.6120;3290;[0 6 7 2 8 4 15 5 19 9 20 1 14 13 12 17 16 18 10 3 11, 0]
8.5860;3857;[0 18 16 10 19 20 17 12 9 3 11 6 7 5 15 14 13 1 2 8 4, 0]
8.9770;3378;[0 18 16 9 17 12 19 10 3 15 4 8 2 1 13 14 20 5 7 6 11, 0]
8.6410;3484;[0 16 9 17 12 13 1 2 8 4 15 5 14 20 19 7 6 11 3 10 18, 0]
8.6540;2816;[0 3 11 6 7 5 15 4 8 2 1 14 13 12 17 9 20 19 10 16 18, 0]
8.8420;3250;[0 19 13 12 17 9 16 18 3 11 6 7 5 15 4 8 2 1 14 20 10, 0]
8.5940;3308;[0 3 17 13 12 9 16 18 6 11 10 19 20 14 1 2 8 4 15 5 7, 0]
8.3730;3627;[0 15 4 5 7 18 16 9 20 17 12 13 14 1 2 8 19 10 3 11 6, 0]
8.3360;3107;[0 3 20 17 12 13 14 1 2 8 4 15 5 7 6 18 16 9 19 10 11, 0]
8.3870;3456;[0 3 10 19 9 17 12 13 14 2 1 20 16 18 11 6 7 5 4 8 15, 0]
8.3460;3413;[0 6 18 16 20 14 7 5 15 4 8 2 1 13 12 17 9 19 10 3 11, 0]
8.3560;3777;[0 16 18 15 5 7 6 11 3 10 19 9 17 12 13 14 4 8 2 1 20, 0]
9.3700;3457;[0 15 4 8 2 5 7 6 11 10 18 16 9 19 20 17 12 13 14 1 3, 0]
8.5580;3708;[0 3 11 6 7 5 4 15 10 18 16 17 12 13 14 9 19 20 1 2 8, 0]
8.4230;3923;[0 17 12 13 14 20 5 7 6 3 1 2 8 4 15 10 19 9 16 18 11, 0]
8.4500;3542;[0 18 16 17 12 13 14 20 4 8 2 1 9 19 10 3 11 15 5 7 6, 0]
8.5990;3428;[0 18 16 10 11 3 19 20 1 14 13 12 17 9 7 5 2 8 4 15 6, 0]
8.6100;3592;[0 12 13 2 8 4 15 5 7 6 11 18 16 20 1 14 17 9 19 10 3, 0]
8.3830;3199;[0 10 19 20 1 2 8 4 15 5 7 6 11 3 18 16 9 17 12 13 14, 0]
8.4000;3212;[0 6 7 5 15 4 8 2 1 9 16 18 10 19 20 14 13 12 17 3 11, 0]
8.8570;3738;[0 3 10 20 1 14 19 6 11 9 17 12 13 2 8 4 15 5 7 18 16, 0]
8.3130;3292;[0 6 11 9 17 16 18 3 10 19 20 12 13 14 1 2 8 4 15 5 7, 0]
8.6790;3346;[0 6 11 3 10 19 17 12 13 14 1 20 9 16 18 5 2 8 4 15 7, 0]
8.3310;3728;[0 10 20 1 2 8 4 18 16 17 12 13 14 9 19 3 6 7 5 15 11, 0]
8.3730;4165;[0 2 1 16 18 11 6 7 5 9 17 12 13 14 20 19 10 3 4 8 15, 0]
7.9930;3908;[0 15 4 5 7 6 11 3 10 16 18 8 2 12 13 14 1 20 17 9 19, 0]
8.3350;3203;[0 19 20 1 2 8 4 15 5 7 6 11 10 18 16 9 17 12 13 14 3, 0]
8.5730;3150;[0 18 16 9 17 12 13 14 20 15 4 8 2 1 19 10 3 11 5 7 6, 0]
8.4600;3576;[0 6 11 3 10 19 18 16 17 12 13 1 2 8 4 15 20 14 9 5 7, 0]
8.3460;3782;[0 11 3 10 16 18 6 7 14 1 20 5 15 4 8 2 13 12 17 9 19, 0]
8.3940;3910;[0 7 5 9 17 2 8 4 15 20 1 14 13 12 16 18 6 11 10 19 3, 0]
8.7500;3185;[0 17 12 13 14 20 1 2 8 4 15 5 7 6 18 16 9 19 10 3 11, 0]
8.4440;3482;[0 7 5 2 8 4 15 6 18 16 9 19 20 17 12 13 14 1 10 3 11, 0]
8.5060;3972;[0 2 1 14 20 19 7 5 4 8 15 6 11 3 10 18 16 17 12 13 9, 0]
8.5580;3262;[0 6 18 16 9 17 12 13 14 19 3 11 10 20 1 2 8 4 15 5 7, 0]
8.8510;3525;[0 18 10 3 11 6 7 5 15 20 14 13 12 17 9 16 19 1 2 8 4, 0]
8.4580;3395;[0 16 9 17 12 13 14 5 7 6 11 3 10 18 19 20 1 2 8 4 15, 0]
8.4170;3800;[0 15 8 4 5 7 6 11 3 2 1 14 20 19 18 16 9 17 12 13 10, 0]
8.3950;3029;[0 11 6 7 5 15 4 8 2 1 13 12 17 9 16 18 19 14 20 10 3, 0]
8.8970;3419;[0 19 20 1 14 13 12 2 8 4 15 5 7 6 11 10 18 16 9 17 3, 0]
8.3750;3754;[0 11 4 15 5 7 6 19 17 12 13 1 2 8 20 14 9 16 18 10 3, 0]
8.3860;3599;[0 11 18 16 17 12 13 14 1 2 8 20 9 19 10 3 4 15 5 7 6, 0]
8.7540;3115;[0 6 7 11 3 10 20 14 13 12 17 9 16 18 19 1 2 8 4 15 5, 0]
8.3770;3593;[0 4 8 2 1 20 11 15 5 7 6 19 14 13 12 17 9 16 18 10 3, 0]
8.3950;3178;[0 3 20 14 13 12 17 9 16 18 11 6 7 5 15 4 8 2 1 19 10, 0]
8.3790;3371;[0 6 11 18 16 10 3 5 7 19 20 14 9 17 12 13 1 2 8 4 15, 0]
7.9880;3231;[0 11 18 16 9 19 10 3 6 7 5 15 4 8 2 1 13 12 17 14 20, 0]
8.6600;3168;[0 6 11 3 10 19 20 1 14 13 12 17 9 16 18 7 15 4 8 2 5, 0]
8.4340;3637;[0 15 8 4 5 7 19 2 1 14 13 12 17 20 9 16 18 10 3 11 6, 0]
8.3760;3398;[0 6 11 3 10 19 20 14 5 7 18 16 9 17 12 13 1 2 8 4 15, 0]
8.7170;3111;[0 3 11 6 7 5 15 4 8 2 19 18 16 9 17 12 13 14 1 20 10, 0]
8.6990;3416;[0 7 5 15 4 8 2 1 13 14 20 19 10 3 11 6 18 16 17 12 9, 0]
8.4090;3068;[0 2 8 4 15 5 7 6 18 16 9 17 12 13 14 1 20 19 10 3 11, 0]
8.6190;3817;[0 3 10 16 18 15 4 8 2 13 12 17 9 19 6 7 5 20 14 1 11, 0]
8.6030;3299;[0 6 7 5 2 8 4 15 11 18 16 12 13 14 1 20 17 9 19 10 3, 0]
8.6410;3449;[0 3 19 20 1 14 16 18 11 6 7 5 15 4 8 2 13 12 17 9 10, 0]
8.7220;3340;[0 11 18 16 9 17 12 13 14 20 19 6 7 5 3 10 1 2 8 4 15, 0]
8.5330;3471;[0 19 9 16 18 6 7 11 10 3 5 15 4 8 2 1 20 14 13 12 17, 0]
8.7150;3015;[0 18 16 9 17 12 13 14 20 1 2 8 4 15 10 19 3 5 7 6 11, 0]

gr24.txt;0;[0 0] 
9.1140;1762;[0 3 11 17 21 9 22 8 12 13 19 4 5 6 10 2 7 20 16 18 14 1 23 15, 0]
9.1760;1624;[0 22 12 8 3 11 15 10 2 7 4 23 16 18 14 1 19 13 9 21 17 20 6 5, 0]
9.1490;1693;[0 8 12 22 9 16 2 10 6 5 7 17 21 18 14 1 19 13 3 11 4 20 23 15, 0]
9.4520;1522;[0 15 11 3 8 12 22 4 23 7 20 14 1 19 13 9 16 18 21 17 2 10 6 5, 0]
9.3700;1597;[0 15 14 1 19 12 8 22 13 20 7 5 23 4 9 16 18 21 17 2 10 6 11 3, 0]
9.1060;1492;[0 15 3 11 23 4 9 19 1 14 18 21 17 2 10 6 5 7 20 16 13 12 8 22, 0]
9.3260;1454;[0 11 3 22 8 12 13 19 18 21 17 20 7 6 5 23 4 9 14 1 16 2 10 15, 0]
9.1880;1578;[0 22 8 12 13 16 2 7 6 5 11 3 23 20 4 9 19 1 14 18 21 17 10 15, 0]
9.2660;1715;[0 15 9 16 19 13 12 8 22 4 20 7 2 10 6 5 23 1 14 18 21 17 11 3, 0]
9.3490;1522;[0 15 10 2 6 7 17 21 18 16 20 4 9 14 1 19 12 8 22 13 23 5 11 3, 0]
9.2630;1629;[0 15 11 3 22 8 12 13 9 4 5 23 21 17 2 10 6 7 20 16 18 14 1 19, 0]
9.6410;1492;[0 4 9 13 12 8 22 3 11 5 23 16 19 1 14 18 21 17 2 10 20 7 6 15, 0]
9.2950;1744;[0 3 22 11 5 6 10 7 20 4 9 19 1 14 18 21 17 2 16 12 8 13 23 15, 0]
8.9760;1619;[0 15 6 7 20 4 19 13 3 22 8 12 1 14 18 21 17 10 2 16 9 23 5 11, 0]
9.2710;1566;[0 5 9 16 1 19 4 20 23 11 3 22 8 12 13 14 18 21 17 2 10 7 6 15, 0]
10.2360;1545;[0 15 7 20 23 5 6 10 2 13 12 8 22 9 16 21 17 18 14 1 19 4 11 3, 0]
9.2300;1739;[0 16 21 18 14 1 19 9 4 7 5 15 10 2 17 20 6 11 3 23 13 12 8 22, 0]
9.3360;1480;[0 15 6 7 13 12 8 22 4 20 10 2 17 21 16 18 14 1 19 9 23 5 11 3, 0]
9.2460;1411;[0 15 23 9 22 8 12 13 19 1 14 18 16 21 17 2 10 20 4 7 6 5 11 3, 0]
9.2020;1385;[0 15 10 2 6 20 9 16 17 21 18 14 1 19 13 12 8 22 3 23 4 7 5 11, 0]
9.3490;1600;[0 15 23 4 9 16 20 7 6 5 3 22 8 12 13 10 2 17 21 18 14 1 19 11, 0]
10.7160;1506;[0 15 16 18 14 1 19 13 12 8 22 3 11 6 10 2 17 21 9 4 20 7 23 5, 0]
9.3360;1493;[0 3 11 5 6 7 20 10 2 16 1 14 18 21 17 9 19 13 12 8 22 4 23 15, 0]
9.1490;1565;[0 5 23 7 6 2 10 15 3 8 12 22 4 20 9 16 17 21 18 14 1 19 13 11, 0]
9.0020;1397;[0 15 10 2 6 23 11 3 22 8 12 13 9 4 19 1 14 18 21 17 16 20 7 5, 0]
9.0170;1521;[0 15 6 5 23 20 17 21 18 14 1 19 16 2 10 7 22 8 12 13 9 4 11 3, 0]
9.1230;1417;[0 3 22 8 12 19 1 14 18 21 17 16 9 13 4 23 11 5 6 7 20 2 10 15, 0]
9.3000;1639;[0 11 9 16 20 7 6 5 3 22 8 12 13 19 4 10 2 17 21 18 14 1 23 15, 0]
9.1570;1562;[0 3 11 15 5 6 7 4 9 16 18 21 17 2 10 20 22 8 12 13 19 1 14 23, 0]
9.2630;1726;[0 15 10 4 13 22 3 2 17 21 18 14 1 19 8 12 9 16 20 7 6 5 23 11, 0]
9.1830;1647;[0 3 11 23 19 1 14 18 21 16 9 20 4 13 12 8 22 15 10 2 17 7 6 5, 0]
9.6350;1577;[0 8 12 19 1 14 18 17 21 16 9 4 20 7 5 23 13 22 3 11 6 2 10 15, 0]
9.3020;1414;[0 5 6 7 4 9 19 13 12 8 22 3 11 23 20 16 1 14 18 21 17 2 10 15, 0]
9.0800;1511;[0 15 5 7 4 19 1 14 18 17 21 16 9 20 10 2 6 3 22 8 12 13 23 11, 0]
9.3500;1501;[0 3 11 15 5 23 7 6 10 2 16 9 4 22 8 12 13 19 1 14 18 21 17 20, 0]
9.1130;1332;[0 15 10 2 16 9 4 7 6 5 23 20 17 21 18 14 1 19 13 12 8 22 3 11, 0]
9.2750;1516;[0 3 11 5 6 10 2 7 20 4 9 1 16 21 17 18 14 19 12 8 22 13 23 15, 0]
9.0020;1551;[0 15 10 2 6 11 3 13 19 1 14 18 17 21 16 20 9 12 8 22 4 7 23 5, 0]
9.5180;1463;[0 15 5 23 20 18 14 1 19 13 12 8 22 4 7 6 10 2 17 21 16 9 11 3, 0]
9.4270;1468;[0 15 6 5 23 11 3 22 8 12 13 9 20 7 10 2 17 21 16 18 14 1 19 4, 0]
10.5270;1606;[0 15 23 4 14 18 21 17 22 8 12 13 19 1 16 9 20 7 2 10 6 5 11 3, 0]
9.4760;1488;[0 15 5 6 7 20 23 4 9 13 19 1 14 18 16 21 17 2 10 11 3 8 12 22, 0]
9.3140;1498;[0 15 3 11 4 9 16 21 18 14 1 19 13 12 8 22 20 17 2 10 6 7 23 5, 0]
9.4220;1495;[0 15 10 2 6 5 7 20 16 17 21 18 14 1 19 12 8 22 3 11 4 9 13 23, 0]
9.4860;1609;[0 15 5 23 7 4 9 13 12 19 1 14 18 21 17 16 20 10 2 6 11 22 8 3, 0]
9.3910;1600;[0 15 11 9 16 21 18 14 1 19 4 23 5 6 20 17 2 10 7 13 12 8 22 3, 0]
8.8100;1609;[0 15 13 19 12 8 22 3 11 5 6 2 10 7 20 1 14 18 17 21 16 9 4 23, 0]
9.2770;1492;[0 15 23 4 7 10 2 17 21 18 14 1 19 13 9 16 20 6 5 11 3 22 12 8, 0]
9.2420;1696;[0 15 6 20 16 18 1 13 12 8 22 3 2 10 7 4 19 14 17 21 9 23 5 11, 0]
9.0220;1589;[0 5 7 13 22 8 12 19 14 18 21 17 16 1 9 4 23 3 11 6 20 2 10 15, 0]
9.5550;1474;[0 5 6 7 20 17 21 16 9 13 4 23 11 3 22 8 12 19 1 14 18 2 10 15, 0]
9.3070;1582;[0 5 23 13 19 1 14 18 21 17 2 16 9 20 6 11 3 8 12 22 4 7 10 15, 0]
9.3040;1457;[0 5 23 6 7 4 9 14 1 19 13 12 8 22 3 11 20 16 18 21 17 2 10 15, 0]
9.3040;1359;[0 11 3 22 8 12 13 9 16 21 17 18 14 1 19 4 20 2 10 7 23 5 6 15, 0]
9.1840;1587;[0 4 9 16 21 17 20 7 5 6 10 2 11 3 22 8 12 13 19 1 14 18 23 15, 0]
10.9000;1740;[0 8 12 19 1 14 18 21 10 15 11 7 20 4 23 5 6 2 17 16 9 13 22 3, 0]
11.0310;1433;[0 15 10 2 6 5 3 11 7 20 9 16 21 17 18 14 1 19 13 12 8 22 4 23, 0]
10.8590;1843;[0 9 1 19 4 7 5 15 10 2 17 20 6 11 3 23 16 21 18 14 13 12 8 22, 0]
10.6830;1424;[0 11 3 22 8 12 13 9 2 10 7 20 16 21 17 18 14 1 19 4 23 5 6 15, 0]
10.3970;1521;[0 15 6 10 2 17 21 16 13 12 8 22 4 20 18 14 1 19 9 23 7 5 11 3, 0]
10.5100;1504;[0 15 7 20 17 21 16 9 13 12 8 22 3 11 6 10 2 18 14 1 19 4 23 5, 0]
10.3860;1615;[0 10 2 17 21 18 14 1 19 13 4 7 20 16 9 23 5 6 15 11 3 22 12 8, 0]
10.2060;1611;[0 15 10 2 7 4 9 21 17 16 13 12 8 22 3 11 5 6 20 18 14 1 19 23, 0]
10.2780;1506;[0 5 6 10 2 17 21 18 14 1 4 22 8 12 13 19 16 9 20 7 23 3 11 15, 0]
11.0120;1526;[0 5 7 19 1 14 18 20 10 2 17 21 16 9 4 13 12 8 22 3 11 23 6 15, 0]
9.9430;1512;[0 5 6 10 2 17 21 18 16 9 20 7 4 22 8 12 13 19 1 14 23 3 11 15, 0]
9.9450;1632;[0 15 10 2 18 14 1 19 4 23 11 3 22 8 12 13 7 5 6 20 17 21 16 9, 0]
9.7040;1714;[0 15 10 2 21 17 7 23 4 9 16 20 6 5 11 3 13 22 8 12 19 1 14 18, 0]
9.6730;1482;[0 15 5 23 7 4 13 22 8 12 19 1 14 9 20 16 18 21 17 2 10 6 11 3, 0]
9.5590;1509;[0 3 22 8 12 19 1 14 18 21 16 9 13 4 23 11 5 6 10 2 17 20 7 15, 0]
9.4340;1445;[0 15 11 7 20 9 19 1 14 18 16 21 17 2 10 6 5 23 4 13 12 8 22 3, 0]
9.4670;1625;[0 3 11 5 6 10 2 17 21 12 8 22 4 23 7 20 16 18 14 1 19 13 9 15, 0]
9.3690;1611;[0 9 16 18 21 17 2 10 20 4 7 6 15 11 5 23 14 1 19 13 12 8 22 3, 0]
9.3440;1376;[0 11 3 22 8 12 13 19 1 14 18 16 9 4 21 17 2 10 20 23 7 6 5 15, 0]
9.2510;1426;[0 3 11 15 5 6 10 2 7 20 4 22 8 12 13 19 1 14 18 21 17 16 9 23, 0]
9.0900;1603;[0 15 9 19 1 14 18 21 17 16 20 2 10 6 7 4 23 5 11 3 22 8 12 13, 0]
9.4490;1924;[0 19 1 14 20 7 4 22 8 12 13 2 10 15 3 11 6 23 9 16 18 21 17 5, 0]
9.2640;1486;[0 15 23 13 22 8 12 19 1 14 18 9 4 10 2 17 21 16 20 7 6 5 11 3, 0]
9.3120;1503;[0 22 8 12 13 19 1 14 9 4 20 16 18 21 17 2 10 15 11 3 23 7 6 5, 0]
9.4430;1561;[0 3 8 12 22 4 20 10 2 17 21 9 13 19 1 14 18 16 23 5 7 6 15 11, 0]
9.2160;1471;[0 22 8 12 13 19 1 14 18 21 17 2 10 7 6 5 3 11 4 9 16 20 23 15, 0]
9.3810;1395;[0 3 22 8 12 13 9 16 19 1 14 18 21 17 2 10 15 6 5 23 4 20 7 11, 0]
8.9650;1474;[0 15 11 23 5 6 10 2 7 20 17 21 18 14 1 16 9 4 19 13 12 8 22 3, 0]
9.1580;1622;[0 5 23 1 14 18 21 17 10 2 16 9 4 20 7 6 11 3 22 8 12 19 13 15, 0]
9.5450;1531;[0 15 17 21 18 14 1 19 4 23 11 5 6 7 20 10 2 16 9 13 12 8 22 3, 0]
9.0230;1445;[0 15 11 3 8 12 22 4 23 20 9 13 19 1 14 18 16 21 17 2 10 6 7 5, 0]
9.4700;1506;[0 23 4 9 18 14 1 19 12 8 22 13 16 21 17 20 7 6 2 10 15 5 11 3, 0]
9.0920;1860;[0 8 12 21 17 9 22 13 19 1 14 18 16 23 5 15 6 7 4 20 10 2 11 3, 0]
9.1120;1504;[0 23 9 18 14 1 19 13 12 8 22 4 7 10 2 17 21 16 20 6 5 15 11 3, 0]
9.2060;1612;[0 22 8 12 13 19 9 4 20 7 6 2 10 15 5 23 16 21 17 18 14 1 11 3, 0]
10.2470;1419;[0 3 22 8 12 13 19 1 14 9 4 23 11 5 6 7 20 16 18 21 17 2 10 15, 0]
9.0880;1483;[0 15 10 2 16 9 4 19 1 14 18 21 17 20 7 6 5 11 3 22 8 12 13 23, 0]
9.2010;1472;[0 15 6 7 5 23 13 12 8 22 4 20 9 16 19 1 14 18 21 17 2 10 11 3, 0]
9.2670;1432;[0 15 6 10 2 17 21 16 18 14 1 19 9 4 20 7 11 3 22 8 12 13 23 5, 0]
9.0880;1361;[0 3 11 5 23 20 4 9 13 22 8 12 19 1 14 18 16 21 17 2 10 7 6 15, 0]
9.2540;1656;[0 3 11 23 5 6 15 10 2 7 19 1 14 18 9 13 12 8 22 4 20 17 21 16, 0]
9.2860;1447;[0 15 5 7 20 13 12 8 22 3 11 6 10 2 17 21 18 14 1 19 16 9 4 23, 0]
9.5010;1483;[0 15 23 4 9 19 1 14 18 21 17 16 13 12 8 22 3 11 5 6 2 10 20 7, 0]
10.6290;1633;[0 22 8 12 19 1 14 18 21 17 20 7 10 2 6 5 15 11 3 13 16 9 4 23, 0]
9.1850;1663;[0 8 12 13 19 1 14 18 16 9 4 22 3 11 5 7 6 15 10 2 17 21 20 23, 0]

tsp_17.txt;87;[0 1 2 9 7 5 3 6 4 14 8 15 16 11 10 13 12 0] 
7.3000;42;[0 11 12 9 7 16 8 4 3 6 14 5 15 1 10 13 2, 0]

